{
	"Version": 3,
	"Meta": {
		"Duration": 4,
		"Fps": 30.0,
		"Loop": true,
		"AreBeziersRestricted": true,
		"CurveCount": 54,
		"TotalSegmentCount": 95,
		"TotalPointCount": 283,
		"UserDataCount": 0,
		"TotalUserDataSize": 0
	},
	"Curves": [
		{
			"Target": "Parameter",
			"Id": "ParamAngleX",
			"Segments": [
				0,
				0,
				1,
				1.333,
				0,
				2.667,
				0,
				4,
				0
			]
		},
		{
			"Target": "Parameter",
			"Id": "ParamAngleZ",
			"Segments": [
				0,
				0,
				1,
				0.344,
				0,
				0.689,
				3,
				1.033,
				3,
				1,
				1.4,
				3,
				1.767,
				0,
				2.133,
				0,
				1,
				2.444,
				0,
				2.756,
				2,
				3.067,
				2,
				1,
				3.378,
				2,
				3.689,
				0,
				4,
				0
			]
		},
		{
			"Target": "Parameter",
			"Id": "ParamEyeLOpen",
			"Segments": [
				0,
				1,
				0,
				4,
				1
			]
		},
		{
			"Target": "Parameter",
			"Id": "ParamEyeROpen",
			"Segments": [
				0,
				1,
				0,
				4,
				1
			]
		},
		{
			"Target": "Parameter",
			"Id": "ParamEyeBallX",
			"Segments": [
				0,
				0,
				0,
				4,
				0
			]
		},
		{
			"Target": "Parameter",
			"Id": "ParamEyeBallY",
			"Segments": [
				0,
				0,
				0,
				4,
				0
			]
		},
		{
			"Target": "Parameter",
			"Id": "ParamBodyAngleX",
			"Segments": [
				0,
				0,
				1,
				0.667,
				0,
				1.333,
				-3,
				2,
				-3,
				1,
				2.667,
				-3,
				3.333,
				0,
				4,
				0
			]
		},
		{
			"Target": "Parameter",
			"Id": "ParamBodyAngleY",
			"Segments": [
				0,
				0,
				1,
				1.333,
				0,
				2.667,
				0,
				4,
				0
			]
		},
		{
			"Target": "Parameter",
			"Id": "ParamBodyAngleZ",
			"Segments": [
				0,
				0,
				1,
				0.667,
				0,
				1.333,
				1,
				2,
				1,
				1,
				2.667,
				1,
				3.333,
				0,
				4,
				0
			]
		},
		{
			"Target": "Parameter",
			"Id": "ParamShoulderR",
			"Segments": [
				0,
				0,
				1,
				0.344,
				0,
				0.689,
				2,
				1.033,
				2,
				1,
				1.367,
				2,
				1.7,
				0,
				2.033,
				0,
				1,
				2.378,
				0,
				2.722,
				1,
				3.067,
				1,
				1,
				3.378,
				1,
				3.689,
				0,
				4,
				0
			]
		},
		{
			"Target": "Parameter",
			"Id": "ParamShoulderL",
			"Segments": [
				0,
				0,
				1,
				0.344,
				0,
				0.689,
				2,
				1.033,
				2,
				1,
				1.367,
				2,
				1.7,
				0,
				2.033,
				0,
				1,
				2.378,
				0,
				2.722,
				1,
				3.067,
				1,
				1,
				3.378,
				1,
				3.689,
				0,
				4,
				0
			]
		},
		{
			"Target": "Parameter",
			"Id": "ParamLegKnee",
			"Segments": [
				0,
				0,
				1,
				0.311,
				0,
				0.622,
				1,
				0.933,
				1,
				1,
				1.267,
				1,
				1.6,
				0,
				1.933,
				0,
				1,
				2.289,
				0,
				2.644,
				1,
				3,
				1,
				1,
				3.333,
				1,
				3.667,
				0,
				4,
				0
			]
		},
		{
			"Target": "Parameter",
			"Id": "ParamLegR",
			"Segments": [
				0,
				0,
				1,
				1.333,
				0,
				2.667,
				0,
				4,
				0
			]
		},
		{
			"Target": "Parameter",
			"Id": "ParamLegRUpDw",
			"Segments": [
				0,
				0,
				1,
				1.333,
				0,
				2.667,
				0,
				4,
				0
			]
		},
		{
			"Target": "Parameter",
			"Id": "ParamAllZ",
			"Segments": [
				0,
				0,
				0,
				4,
				0
			]
		},
		{
			"Target": "Parameter",
			"Id": "ParamArmR01",
			"Segments": [
				0,
				0,
				1,
				0.133,
				0,
				0.267,
				-0.175,
				0.4,
				-0.175,
				1,
				0.678,
				-0.175,
				0.956,
				0.55,
				1.233,
				0.55,
				1,
				1.578,
				0.55,
				1.922,
				-0.375,
				2.267,
				-0.375,
				1,
				2.6,
				-0.375,
				2.933,
				0.475,
				3.267,
				0.475,
				1,
				3.511,
				0.475,
				3.756,
				0,
				4,
				0
			]
		},
		{
			"Target": "Parameter",
			"Id": "ParamArmR01Y",
			"Segments": [
				0,
				0,
				1,
				1.333,
				0,
				2.667,
				0,
				4,
				0
			]
		},
		{
			"Target": "Parameter",
			"Id": "ParamArmR02",
			"Segments": [
				0,
				0,
				1,
				1.333,
				0,
				2.667,
				0,
				4,
				0
			]
		},
		{
			"Target": "Parameter",
			"Id": "ParamArmR02Y",
			"Segments": [
				0,
				-10,
				1,
				1.333,
				-10,
				2.667,
				-10,
				4,
				-10
			]
		},
		{
			"Target": "Parameter",
			"Id": "ParamArmR03",
			"Segments": [
				0,
				0,
				1,
				0.167,
				0,
				0.333,
				-1,
				0.5,
				-1,
				1,
				0.778,
				-1,
				1.056,
				3,
				1.333,
				3,
				1,
				1.667,
				3,
				2,
				-2,
				2.333,
				-2,
				1,
				2.678,
				-2,
				3.022,
				1,
				3.367,
				1,
				1,
				3.578,
				1,
				3.789,
				0,
				4,
				0
			]
		},
		{
			"Target": "Parameter",
			"Id": "ParamArmL01",
			"Segments": [
				0,
				0,
				1,
				1.333,
				0,
				2.667,
				0,
				4,
				0
			]
		},
		{
			"Target": "Parameter",
			"Id": "ParamArmL02",
			"Segments": [
				0,
				0,
				1,
				1.333,
				0,
				2.667,
				0,
				4,
				0
			]
		},
		{
			"Target": "Parameter",
			"Id": "ParamArmL03",
			"Segments": [
				0,
				0,
				1,
				1.333,
				0,
				2.667,
				0,
				4,
				0
			]
		},
		{
			"Target": "Parameter",
			"Id": "ParamArmChange",
			"FadeInTime": 0.0,
			"FadeOutTime": 0.0,
			"Segments": [
				0,
				0,
				1,
				1.333,
				0,
				2.667,
				0,
				4,
				0
			]
		},
		{
			"Target": "Parameter",
			"Id": "ParamBookPage",
			"Segments": [
				0,
				0,
				0,
				0.667,
				0,
				0,
				1.367,
				29,
				2,
				1.4,
				0,
				0,
				2.733,
				0,
				0,
				3.433,
				29,
				2,
				3.467,
				0,
				0,
				4,
				0
			]
		},
		{
			"Target": "Parameter",
			"Id": "ParamFlameOn",
			"Segments": [
				0,
				0,
				1,
				1.333,
				0,
				2.667,
				0,
				4,
				0
			]
		},
		{
			"Target": "Parameter",
			"Id": "ParamFlame",
			"Segments": [
				0,
				0,
				0,
				4,
				0
			]
		},
		{
			"Target": "Parameter",
			"Id": "ParamFlameShaking",
			"Segments": [
				0,
				0,
				1,
				1.333,
				0,
				2.667,
				0,
				4,
				0
			]
		},
		{
			"Target": "Parameter",
			"Id": "ParamFlameX",
			"Segments": [
				0,
				0,
				1,
				1.333,
				0,
				2.667,
				0,
				4,
				0
			]
		},
		{
			"Target": "Parameter",
			"Id": "ParamFlameY",
			"Segments": [
				0,
				0,
				1,
				1.333,
				0,
				2.667,
				0,
				4,
				0
			]
		},
		{
			"Target": "Parameter",
			"Id": "ParamCharge01On",
			"Segments": [
				0,
				0,
				1,
				1.333,
				0,
				2.667,
				0,
				4,
				0
			]
		},
		{
			"Target": "Parameter",
			"Id": "ParamCharge01",
			"Segments": [
				0,
				0,
				0,
				4,
				0
			]
		},
		{
			"Target": "Parameter",
			"Id": "ParamHandLightAOn",
			"Segments": [
				0,
				0,
				1,
				1.333,
				0,
				2.667,
				0,
				4,
				0
			]
		},
		{
			"Target": "Parameter",
			"Id": "ParamHandLightASize",
			"Segments": [
				0,
				0,
				1,
				1.333,
				0,
				2.667,
				0,
				4,
				0
			]
		},
		{
			"Target": "Parameter",
			"Id": "ParamMagicPowersA",
			"Segments": [
				0,
				0,
				1,
				1.333,
				0,
				2.667,
				0,
				4,
				0
			]
		},
		{
			"Target": "Parameter",
			"Id": "ParamMagicAOn",
			"Segments": [
				0,
				0,
				1,
				1.333,
				0,
				2.667,
				0,
				4,
				0
			]
		},
		{
			"Target": "Parameter",
			"Id": "ParamMagicARotation",
			"Segments": [
				0,
				0,
				0,
				4,
				0
			]
		},
		{
			"Target": "Parameter",
			"Id": "ParamMagicALight",
			"Segments": [
				0,
				0,
				1,
				1.333,
				0,
				2.667,
				0,
				4,
				0
			]
		},
		{
			"Target": "Parameter",
			"Id": "ParamEffectAX",
			"Segments": [
				0,
				0,
				0,
				4,
				0
			]
		},
		{
			"Target": "Parameter",
			"Id": "ParamEffectAY",
			"Segments": [
				0,
				0,
				0,
				4,
				0
			]
		},
		{
			"Target": "Parameter",
			"Id": "ParamHandLightBOn",
			"Segments": [
				0,
				0,
				0,
				4,
				0
			]
		},
		{
			"Target": "Parameter",
			"Id": "ParamHandLightBSize",
			"Segments": [
				0,
				0,
				1,
				1.333,
				0,
				2.667,
				0,
				4,
				0
			]
		},
		{
			"Target": "Parameter",
			"Id": "ParamMagicBOn",
			"Segments": [
				0,
				0,
				1,
				1.333,
				0,
				2.667,
				0,
				4,
				0
			]
		},
		{
			"Target": "Parameter",
			"Id": "ParamMagicBRotation",
			"Segments": [
				0,
				0,
				0,
				4,
				0
			]
		},
		{
			"Target": "Parameter",
			"Id": "ParamMagicBMove",
			"Segments": [
				0,
				0,
				1,
				1.333,
				0,
				2.667,
				0,
				4,
				0
			]
		},
		{
			"Target": "Parameter",
			"Id": "ParamMagicBX",
			"Segments": [
				0,
				0,
				1,
				1.333,
				0,
				2.667,
				0,
				4,
				0
			]
		},
		{
			"Target": "Parameter",
			"Id": "ParamMagicPowersBOn",
			"Segments": [
				0,
				0,
				1,
				1.333,
				0,
				2.667,
				0,
				4,
				0
			]
		},
		{
			"Target": "Parameter",
			"Id": "ParamMagicPowersBSize",
			"Segments": [
				0,
				0,
				1,
				1.333,
				0,
				2.667,
				0,
				4,
				0
			]
		},
		{
			"Target": "Parameter",
			"Id": "ParamMagicPowersBThicknesses",
			"Segments": [
				0,
				0,
				1,
				1.333,
				0,
				2.667,
				0,
				4,
				0
			]
		},
		{
			"Target": "Parameter",
			"Id": "ParamEffectBX",
			"Segments": [
				0,
				0,
				0,
				4,
				0
			]
		},
		{
			"Target": "Parameter",
			"Id": "ParamEffectBY",
			"Segments": [
				0,
				0,
				0,
				4,
				0
			]
		},
		{
			"Target": "Parameter",
			"Id": "ParamSkirt",
			"Segments": [
				0,
				0,
				0,
				1,
				30,
				2,
				1.033,
				1,
				0,
				2,
				30,
				2,
				2.033,
				1,
				0,
				3,
				30,
				2,
				3.033,
				1,
				0,
				4,
				30
			]
		},
		{
			"Target": "Parameter",
			"Id": "ParamSkirtX",
			"Segments": [
				0,
				0,
				1,
				0.167,
				0,
				0.333,
				-0.5,
				0.5,
				-0.5,
				1,
				0.778,
				-0.5,
				1.056,
				0.2,
				1.333,
				0.2,
				1,
				1.633,
				0.2,
				1.933,
				-0.4,
				2.233,
				-0.4,
				1,
				2.567,
				-0.4,
				2.9,
				0.4,
				3.233,
				0.4,
				1,
				3.489,
				0.4,
				3.744,
				0,
				4,
				0
			]
		},
		{
			"Target": "Parameter",
			"Id": "ParamSkirtY",
			"Segments": [
				0,
				0,
				1,
				0.289,
				0,
				0.578,
				0.4,
				0.867,
				0.4,
				1,
				1.189,
				0.4,
				1.511,
				-0.7,
				1.833,
				-0.7,
				1,
				2.189,
				-0.7,
				2.544,
				0.6,
				2.9,
				0.6,
				1,
				3.267,
				0.6,
				3.633,
				0,
				4,
				0
			]
		}
	]
}