{
	"Version": 3,
	"Meta": {
		"Duration": 5,
		"Fps": 30.0,
		"Loop": true,
		"AreBeziersRestricted": true,
		"CurveCount": 97,
		"TotalSegmentCount": 228,
		"TotalPointCount": 587,
		"UserDataCount": 0,
		"TotalUserDataSize": 0
	},
	"Curves": [
		{
			"Target": "Parameter",
			"Id": "ParamAngleX",
			"Segments": [
				0,
				0,
				1,
				0.056,
				0,
				0.111,
				0,
				0.167,
				0,
				1,
				0.511,
				0,
				0.856,
				0,
				1.2,
				0,
				1,
				1.856,
				0,
				2.511,
				-0.883,
				3.167,
				-4,
				1,
				3.578,
				-5.955,
				3.989,
				-8.02,
				4.4,
				-8.02,
				0,
				5,
				-8.02
			]
		},
		{
			"Target": "Parameter",
			"Id": "ParamAngleY",
			"Segments": [
				0,
				0,
				1,
				0.056,
				0,
				0.111,
				0,
				0.167,
				0,
				1,
				0.189,
				0,
				0.211,
				0,
				0.233,
				0,
				1,
				0.378,
				0,
				0.522,
				2.709,
				0.667,
				4.062,
				1,
				0.856,
				5.832,
				1.044,
				6,
				1.233,
				6,
				1,
				1.878,
				6,
				2.522,
				-12,
				3.167,
				-12,
				1,
				3.589,
				-12,
				4.011,
				-9,
				4.433,
				-9,
				0,
				5,
				-9
			]
		},
		{
			"Target": "Parameter",
			"Id": "ParamAngleZ",
			"Segments": [
				0,
				0,
				1,
				0.056,
				0,
				0.111,
				0,
				0.167,
				0,
				1,
				0.222,
				0,
				0.278,
				0,
				0.333,
				0,
				1,
				0.611,
				0,
				0.889,
				8,
				1.167,
				8,
				1,
				1.178,
				8,
				1.189,
				8,
				1.2,
				8,
				1,
				1.856,
				8,
				2.511,
				-14,
				3.167,
				-14,
				1,
				3.467,
				-14,
				3.767,
				-13,
				4.067,
				-13,
				0,
				5,
				-13
			]
		},
		{
			"Target": "Parameter",
			"Id": "ParamEyeLOpen",
			"Segments": [
				0,
				1,
				1,
				0.056,
				1,
				0.111,
				1,
				0.167,
				1,
				1,
				0.722,
				1,
				1.278,
				1,
				1.833,
				1,
				1,
				1.933,
				1,
				2.033,
				0,
				2.133,
				0,
				1,
				2.478,
				0,
				2.822,
				0,
				3.167,
				0,
				1,
				3.322,
				0,
				3.478,
				0.7,
				3.633,
				0.7,
				0,
				5,
				0.7
			]
		},
		{
			"Target": "Parameter",
			"Id": "ParamEyeLSmile",
			"Segments": [
				0,
				0,
				0,
				5,
				0
			]
		},
		{
			"Target": "Parameter",
			"Id": "ParamEyeLForm",
			"Segments": [
				0,
				0,
				0,
				5,
				0
			]
		},
		{
			"Target": "Parameter",
			"Id": "ParamEyeROpen",
			"Segments": [
				0,
				1,
				1,
				0.056,
				1,
				0.111,
				1,
				0.167,
				1,
				1,
				0.722,
				1,
				1.278,
				1,
				1.833,
				1,
				1,
				1.933,
				1,
				2.033,
				0,
				2.133,
				0,
				1,
				2.478,
				0,
				2.822,
				0,
				3.167,
				0,
				1,
				3.322,
				0,
				3.478,
				0.7,
				3.633,
				0.7,
				0,
				5,
				0.7
			]
		},
		{
			"Target": "Parameter",
			"Id": "ParamEyeRSmile",
			"Segments": [
				0,
				0,
				0,
				5,
				0
			]
		},
		{
			"Target": "Parameter",
			"Id": "ParamEyeRForm",
			"Segments": [
				0,
				0,
				0,
				5,
				0
			]
		},
		{
			"Target": "Parameter",
			"Id": "ParamEyeBallX",
			"Segments": [
				0,
				0,
				1,
				0.056,
				0,
				0.111,
				0,
				0.167,
				0,
				1,
				0.233,
				0,
				0.3,
				0,
				0.367,
				0,
				1,
				0.656,
				0,
				0.944,
				0,
				1.233,
				0,
				1,
				1.878,
				0,
				2.522,
				-0.3,
				3.167,
				-0.3,
				0,
				5,
				-0.3
			]
		},
		{
			"Target": "Parameter",
			"Id": "ParamEyeBallY",
			"Segments": [
				0,
				0,
				1,
				0.056,
				0,
				0.111,
				0,
				0.167,
				0,
				1,
				0.233,
				0,
				0.3,
				0,
				0.367,
				0,
				1,
				0.656,
				0,
				0.944,
				-0.2,
				1.233,
				-0.2,
				1,
				1.878,
				-0.2,
				2.522,
				-0.2,
				3.167,
				-0.2,
				0,
				5,
				-0.2
			]
		},
		{
			"Target": "Parameter",
			"Id": "ParamEyeBallForm",
			"Segments": [
				0,
				0,
				1,
				0.056,
				0,
				0.111,
				0,
				0.167,
				0,
				0,
				5,
				0
			]
		},
		{
			"Target": "Parameter",
			"Id": "ParamBrowLY",
			"Segments": [
				0,
				0,
				0,
				5,
				0
			]
		},
		{
			"Target": "Parameter",
			"Id": "ParamBrowRY",
			"Segments": [
				0,
				0,
				0,
				5,
				0
			]
		},
		{
			"Target": "Parameter",
			"Id": "ParamBrowLX",
			"Segments": [
				0,
				0,
				0,
				5,
				0
			]
		},
		{
			"Target": "Parameter",
			"Id": "ParamBrowRX",
			"Segments": [
				0,
				0,
				0,
				5,
				0
			]
		},
		{
			"Target": "Parameter",
			"Id": "ParamBrowLAngle",
			"Segments": [
				0,
				0,
				0,
				5,
				0
			]
		},
		{
			"Target": "Parameter",
			"Id": "ParamBrowRAngle",
			"Segments": [
				0,
				0,
				0,
				5,
				0
			]
		},
		{
			"Target": "Parameter",
			"Id": "ParamBrowLForm",
			"Segments": [
				0,
				0,
				0,
				5,
				0
			]
		},
		{
			"Target": "Parameter",
			"Id": "ParamBrowLForm2",
			"Segments": [
				0,
				0,
				0,
				5,
				0
			]
		},
		{
			"Target": "Parameter",
			"Id": "ParamBrowRForm",
			"Segments": [
				0,
				0,
				0,
				5,
				0
			]
		},
		{
			"Target": "Parameter",
			"Id": "ParamBrowRForm2",
			"Segments": [
				0,
				0,
				0,
				5,
				0
			]
		},
		{
			"Target": "Parameter",
			"Id": "ParamMouthForm",
			"Segments": [
				0,
				0,
				0,
				5,
				0
			]
		},
		{
			"Target": "Parameter",
			"Id": "ParamMouthOpenY",
			"Segments": [
				0,
				0,
				0,
				5,
				0
			]
		},
		{
			"Target": "Parameter",
			"Id": "ParamMouthForm2",
			"Segments": [
				0,
				0,
				0,
				5,
				0
			]
		},
		{
			"Target": "Parameter",
			"Id": "ParamTeethOn",
			"Segments": [
				0,
				0,
				0,
				5,
				0
			]
		},
		{
			"Target": "Parameter",
			"Id": "ParamCheek",
			"Segments": [
				0,
				0,
				0,
				5,
				0
			]
		},
		{
			"Target": "Parameter",
			"Id": "ParamGlassUD",
			"Segments": [
				0,
				0,
				1,
				0.056,
				0,
				0.111,
				0,
				0.167,
				0,
				0,
				5,
				0
			]
		},
		{
			"Target": "Parameter",
			"Id": "ParamGrassWhite",
			"Segments": [
				0,
				0,
				1,
				0.056,
				0,
				0.111,
				0,
				0.167,
				0,
				0,
				5,
				0
			]
		},
		{
			"Target": "Parameter",
			"Id": "ParamGrassHighlight",
			"Segments": [
				0,
				0,
				1,
				0.056,
				0,
				0.111,
				0,
				0.167,
				0,
				0,
				5,
				0
			]
		},
		{
			"Target": "Parameter",
			"Id": "ParamGrassHighlightMove",
			"Segments": [
				0,
				0,
				1,
				0.056,
				0,
				0.111,
				0,
				0.167,
				0,
				0,
				5,
				0
			]
		},
		{
			"Target": "Parameter",
			"Id": "ParamBodyAngleX",
			"Segments": [
				0,
				-1,
				1,
				0.056,
				-1,
				0.111,
				-1,
				0.167,
				-1,
				1,
				0.489,
				-1,
				0.811,
				0,
				1.133,
				0,
				1,
				1.778,
				0,
				2.422,
				-3,
				3.067,
				-3,
				0,
				5,
				-3
			]
		},
		{
			"Target": "Parameter",
			"Id": "ParamBodyAngleY",
			"Segments": [
				0,
				0,
				1,
				0.056,
				0,
				0.111,
				0,
				0.167,
				0,
				1,
				0.256,
				0,
				0.344,
				1.011,
				0.433,
				1.616,
				1,
				0.6,
				2.751,
				0.767,
				3,
				0.933,
				3,
				1,
				1,
				3,
				1.067,
				3,
				1.133,
				3,
				1,
				1.778,
				3,
				2.422,
				-2,
				3.067,
				-2,
				1,
				3.511,
				-2,
				3.956,
				-1.5,
				4.4,
				-1.5,
				0,
				5,
				-1.5
			]
		},
		{
			"Target": "Parameter",
			"Id": "ParamBodyAngleZ",
			"Segments": [
				0,
				0,
				1,
				0.056,
				0,
				0.111,
				0,
				0.167,
				0,
				0,
				5,
				0
			]
		},
		{
			"Target": "Parameter",
			"Id": "ParamWaistAngleZ",
			"Segments": [
				0,
				0,
				1,
				0.056,
				0,
				0.111,
				0,
				0.167,
				0,
				0,
				5,
				0
			]
		},
		{
			"Target": "Parameter",
			"Id": "ParamBodyPosition",
			"Segments": [
				0,
				0,
				1,
				0.056,
				0,
				0.111,
				0,
				0.167,
				0,
				0,
				5,
				0
			]
		},
		{
			"Target": "Parameter",
			"Id": "ParamBreath",
			"Segments": [
				0,
				0,
				1,
				0.056,
				0,
				0.111,
				0,
				0.167,
				0,
				1,
				0.467,
				0,
				0.767,
				1,
				1.067,
				1,
				1,
				1.089,
				1,
				1.111,
				1,
				1.133,
				1,
				1,
				1.911,
				1,
				2.689,
				0,
				3.467,
				0,
				0,
				5,
				0
			]
		},
		{
			"Target": "Parameter",
			"Id": "ParamLeftShoulderUp",
			"Segments": [
				0,
				0,
				1,
				0.056,
				0,
				0.111,
				0,
				0.167,
				0,
				1,
				0.489,
				0,
				0.811,
				0,
				1.133,
				0,
				1,
				1.778,
				0,
				2.422,
				-9,
				3.067,
				-9,
				0,
				5,
				-9
			]
		},
		{
			"Target": "Parameter",
			"Id": "ParamRightShoulderUp",
			"Segments": [
				0,
				0,
				1,
				0.056,
				0,
				0.111,
				0,
				0.167,
				0,
				1,
				0.489,
				0,
				0.811,
				0,
				1.133,
				0,
				1,
				1.778,
				0,
				2.422,
				8,
				3.067,
				8,
				0,
				5,
				8
			]
		},
		{
			"Target": "Parameter",
			"Id": "ParamAllX",
			"Segments": [
				0,
				0,
				1,
				0.056,
				0,
				0.111,
				0,
				0.167,
				0,
				0,
				5,
				0
			]
		},
		{
			"Target": "Parameter",
			"Id": "ParamAllY",
			"Segments": [
				0,
				0,
				1,
				0.056,
				0,
				0.111,
				0,
				0.167,
				0,
				0,
				5,
				0
			]
		},
		{
			"Target": "Parameter",
			"Id": "ParamAllRotate",
			"Segments": [
				0,
				0,
				1,
				0.056,
				0,
				0.111,
				0,
				0.167,
				0,
				0,
				5,
				0
			]
		},
		{
			"Target": "Parameter",
			"Id": "ParamHairFront",
			"Segments": [
				0,
				0,
				1,
				0.056,
				0,
				0.111,
				0,
				0.167,
				0,
				0,
				5,
				0
			]
		},
		{
			"Target": "Parameter",
			"Id": "ParamHairSide",
			"Segments": [
				0,
				0,
				1,
				0.056,
				0,
				0.111,
				0,
				0.167,
				0,
				0,
				5,
				0
			]
		},
		{
			"Target": "Parameter",
			"Id": "ParamHairBack",
			"Segments": [
				0,
				0,
				1,
				0.056,
				0,
				0.111,
				0,
				0.167,
				0,
				0,
				5,
				0
			]
		},
		{
			"Target": "Parameter",
			"Id": "ParamHairFrontFuwa",
			"Segments": [
				0,
				0,
				1,
				0.056,
				0,
				0.111,
				0,
				0.167,
				0,
				0,
				5,
				0
			]
		},
		{
			"Target": "Parameter",
			"Id": "ParamHairSideFuwa",
			"Segments": [
				0,
				0,
				1,
				0.056,
				0,
				0.111,
				0,
				0.167,
				0,
				0,
				5,
				0
			]
		},
		{
			"Target": "Parameter",
			"Id": "ParamHairBackFuwa",
			"Segments": [
				0,
				0,
				1,
				0.056,
				0,
				0.111,
				0,
				0.167,
				0,
				0,
				5,
				0
			]
		},
		{
			"Target": "Parameter",
			"Id": "ParamJacket",
			"Segments": [
				0,
				0,
				1,
				0.056,
				0,
				0.111,
				0,
				0.167,
				0,
				0,
				5,
				0
			]
		},
		{
			"Target": "Parameter",
			"Id": "ParamChainWaist",
			"Segments": [
				0,
				0,
				1,
				0.056,
				0,
				0.111,
				0,
				0.167,
				0,
				0,
				5,
				0
			]
		},
		{
			"Target": "Parameter",
			"Id": "ParamWatchSwingA1",
			"Segments": [
				0,
				0,
				1,
				0.056,
				0,
				0.111,
				0,
				0.167,
				0,
				0,
				5,
				0
			]
		},
		{
			"Target": "Parameter",
			"Id": "ParamWatchSwingA2",
			"Segments": [
				0,
				0,
				1,
				0.056,
				0,
				0.111,
				0,
				0.167,
				0,
				0,
				5,
				0
			]
		},
		{
			"Target": "Parameter",
			"Id": "ParamWatchAX",
			"Segments": [
				0,
				0,
				1,
				0.056,
				0,
				0.111,
				0,
				0.167,
				0,
				0,
				5,
				0
			]
		},
		{
			"Target": "Parameter",
			"Id": "ParamWatchBSwitch",
			"Segments": [
				0,
				0,
				1,
				0.056,
				0,
				0.111,
				0,
				0.167,
				0,
				0,
				5,
				0
			]
		},
		{
			"Target": "Parameter",
			"Id": "ParamWatchBOpen",
			"Segments": [
				0,
				0,
				1,
				0.056,
				0,
				0.111,
				0,
				0.167,
				0,
				0,
				5,
				0
			]
		},
		{
			"Target": "Parameter",
			"Id": "ParamWatchBX",
			"Segments": [
				0,
				0,
				1,
				0.056,
				0,
				0.111,
				0,
				0.167,
				0,
				0,
				5,
				0
			]
		},
		{
			"Target": "Parameter",
			"Id": "ParamArmAL01",
			"Segments": [
				0,
				0,
				1,
				0.056,
				0,
				0.111,
				0,
				0.167,
				0,
				1,
				0.544,
				0,
				0.922,
				1,
				1.3,
				1,
				1,
				1.911,
				1,
				2.522,
				0,
				3.133,
				0,
				0,
				5,
				0
			]
		},
		{
			"Target": "Parameter",
			"Id": "ParamArmAL02",
			"Segments": [
				0,
				0,
				1,
				0.056,
				0,
				0.111,
				0,
				0.167,
				0,
				1,
				0.556,
				0,
				0.944,
				-1,
				1.333,
				-1,
				1,
				1.944,
				-1,
				2.556,
				0,
				3.167,
				0,
				0,
				5,
				0
			]
		},
		{
			"Target": "Parameter",
			"Id": "ParamArmAL03",
			"Segments": [
				0,
				0,
				1,
				0.056,
				0,
				0.111,
				0,
				0.167,
				0,
				1,
				0.556,
				0,
				0.944,
				0,
				1.333,
				0,
				1,
				1.944,
				0,
				2.556,
				-3,
				3.167,
				-3,
				0,
				5,
				-3
			]
		},
		{
			"Target": "Parameter",
			"Id": "ParamArmAL04",
			"FadeInTime": 0.2,
			"Segments": [
				0,
				0,
				0,
				5,
				0
			]
		},
		{
			"Target": "Parameter",
			"Id": "ParamArmAR01",
			"Segments": [
				0,
				0,
				1,
				0.056,
				0,
				0.111,
				0,
				0.167,
				0,
				0,
				5,
				0
			]
		},
		{
			"Target": "Parameter",
			"Id": "ParamArmAR02",
			"Segments": [
				0,
				-40,
				1,
				0.056,
				-40,
				0.111,
				-40,
				0.167,
				-40,
				0,
				5,
				-40
			]
		},
		{
			"Target": "Parameter",
			"Id": "ParamArmAR03",
			"Segments": [
				0,
				-9,
				1,
				0.056,
				-9,
				0.111,
				-9,
				0.167,
				-9,
				0,
				5,
				-9
			]
		},
		{
			"Target": "Parameter",
			"Id": "ParamArmAR04",
			"FadeInTime": 0.2,
			"Segments": [
				0,
				0,
				0,
				5,
				0
			]
		},
		{
			"Target": "Parameter",
			"Id": "ParamArmBR01",
			"Segments": [
				0,
				0,
				1,
				0.056,
				0,
				0.111,
				0,
				0.167,
				0,
				0,
				5,
				0
			]
		},
		{
			"Target": "Parameter",
			"Id": "ParamArmBR02",
			"Segments": [
				0,
				0,
				1,
				0.056,
				0,
				0.111,
				0,
				0.167,
				0,
				0,
				5,
				0
			]
		},
		{
			"Target": "Parameter",
			"Id": "ParamArmBR03",
			"Segments": [
				0,
				0,
				1,
				0.056,
				0,
				0.111,
				0,
				0.167,
				0,
				0,
				5,
				0
			]
		},
		{
			"Target": "Parameter",
			"Id": "ParamArmBRHand01Roll",
			"Segments": [
				0,
				0,
				1,
				0.056,
				0,
				0.111,
				0,
				0.167,
				0,
				0,
				5,
				0
			]
		},
		{
			"Target": "Parameter",
			"Id": "ParamArmBRHand05Roll1",
			"Segments": [
				0,
				0,
				1,
				0.056,
				0,
				0.111,
				0,
				0.167,
				0,
				0,
				5,
				0
			]
		},
		{
			"Target": "Parameter",
			"Id": "ParamArmBRHand05Roll2",
			"Segments": [
				0,
				0,
				1,
				0.056,
				0,
				0.111,
				0,
				0.167,
				0,
				0,
				5,
				0
			]
		},
		{
			"Target": "Parameter",
			"Id": "ParamArmBRHand05Roll3",
			"Segments": [
				0,
				0,
				1,
				0.056,
				0,
				0.111,
				0,
				0.167,
				0,
				0,
				5,
				0
			]
		},
		{
			"Target": "Parameter",
			"Id": "ParamArmCR01",
			"Segments": [
				0,
				0,
				1,
				0.056,
				0,
				0.111,
				0,
				0.167,
				0,
				0,
				5,
				0
			]
		},
		{
			"Target": "Parameter",
			"Id": "ParamArmCR02",
			"Segments": [
				0,
				0,
				1,
				0.056,
				0,
				0.111,
				0,
				0.167,
				0,
				0,
				5,
				0
			]
		},
		{
			"Target": "Parameter",
			"Id": "ParamArmCR03",
			"Segments": [
				0,
				0,
				1,
				0.056,
				0,
				0.111,
				0,
				0.167,
				0,
				0,
				5,
				0
			]
		},
		{
			"Target": "Parameter",
			"Id": "ParamArmCLHandRoll1",
			"Segments": [
				0,
				0,
				1,
				0.056,
				0,
				0.111,
				0,
				0.167,
				0,
				0,
				5,
				0
			]
		},
		{
			"Target": "Parameter",
			"Id": "ParamArmDL01",
			"Segments": [
				0,
				0,
				1,
				0.056,
				0,
				0.111,
				0,
				0.167,
				0,
				0,
				5,
				0
			]
		},
		{
			"Target": "Parameter",
			"Id": "ParamArmDL02",
			"Segments": [
				0,
				0,
				1,
				0.056,
				0,
				0.111,
				0,
				0.167,
				0,
				0,
				5,
				0
			]
		},
		{
			"Target": "Parameter",
			"Id": "ParamArmDL03",
			"Segments": [
				0,
				0,
				1,
				0.056,
				0,
				0.111,
				0,
				0.167,
				0,
				0,
				5,
				0
			]
		},
		{
			"Target": "Parameter",
			"Id": "ParamArmDLHand03Roll",
			"Segments": [
				0,
				0,
				1,
				0.056,
				0,
				0.111,
				0,
				0.167,
				0,
				0,
				5,
				0
			]
		},
		{
			"Target": "Parameter",
			"Id": "ParamArmER01",
			"Segments": [
				0,
				0,
				1,
				0.056,
				0,
				0.111,
				0,
				0.167,
				0,
				1,
				0.2,
				0,
				0.233,
				0,
				0.267,
				0,
				1,
				0.6,
				0,
				0.933,
				6,
				1.267,
				6,
				1,
				1.9,
				6,
				2.533,
				-2,
				3.167,
				-2,
				0,
				5,
				-2
			]
		},
		{
			"Target": "Parameter",
			"Id": "ParamArmER02",
			"Segments": [
				0,
				0,
				1,
				0.056,
				0,
				0.111,
				0,
				0.167,
				0,
				1,
				0.544,
				0,
				0.922,
				3,
				1.3,
				3,
				1,
				1.933,
				3,
				2.567,
				-2,
				3.2,
				-2,
				1,
				3.589,
				-2,
				3.978,
				-1,
				4.367,
				-1,
				0,
				5,
				-1
			]
		},
		{
			"Target": "Parameter",
			"Id": "ParamArmER03",
			"Segments": [
				0,
				0,
				1,
				0.056,
				0,
				0.111,
				0,
				0.167,
				0,
				1,
				0.211,
				0,
				0.256,
				0.2,
				0.3,
				0.2,
				1,
				0.633,
				0.2,
				0.967,
				0,
				1.3,
				0,
				1,
				1.933,
				0,
				2.567,
				2,
				3.2,
				2,
				1,
				3.589,
				2,
				3.978,
				1,
				4.367,
				1,
				0,
				5,
				1
			]
		},
		{
			"Target": "Parameter",
			"Id": "ParamArmER04",
			"Segments": [
				0,
				0,
				1,
				0.056,
				0,
				0.111,
				0,
				0.167,
				0,
				1,
				0.533,
				0,
				0.9,
				0,
				1.267,
				0,
				1,
				1.9,
				0,
				2.533,
				2,
				3.167,
				2,
				0,
				5,
				2
			]
		},
		{
			"Target": "Parameter",
			"Id": "ParamArmERHand04",
			"FadeInTime": 0.2,
			"Segments": [
				0,
				1,
				1,
				0.056,
				1,
				0.111,
				1,
				0.167,
				1,
				0,
				5,
				1
			]
		},
		{
			"Target": "Parameter",
			"Id": "ParamArmERHand04Roll1",
			"Segments": [
				0,
				9,
				1,
				0.056,
				9,
				0.111,
				9,
				0.167,
				9,
				1,
				0.556,
				9,
				0.944,
				11,
				1.333,
				11,
				1,
				2.067,
				11,
				2.8,
				-23,
				3.533,
				-23,
				0,
				5,
				-23
			]
		},
		{
			"Target": "Parameter",
			"Id": "ParamArmERHand04Roll2",
			"Segments": [
				0,
				9,
				1,
				0.056,
				9,
				0.111,
				9,
				0.167,
				9,
				1,
				0.556,
				9,
				0.944,
				14,
				1.333,
				14,
				1,
				2.067,
				14,
				2.8,
				-14,
				3.533,
				-14,
				0,
				5,
				-14
			]
		},
		{
			"Target": "Parameter",
			"Id": "ParamArmERHand06",
			"FadeInTime": 0.2,
			"Segments": [
				0,
				0,
				1,
				0.056,
				0,
				0.111,
				0,
				0.167,
				0,
				0,
				5,
				0
			]
		},
		{
			"Target": "Parameter",
			"Id": "ParamArmERHand06Roll1",
			"Segments": [
				0,
				0,
				1,
				0.056,
				0,
				0.111,
				0,
				0.167,
				0,
				0,
				5,
				0
			]
		},
		{
			"Target": "Parameter",
			"Id": "ParamArmERHand06Roll2",
			"Segments": [
				0,
				0,
				1,
				0.056,
				0,
				0.111,
				0,
				0.167,
				0,
				0,
				5,
				0
			]
		},
		{
			"Target": "PartOpacity",
			"Id": "PartWatchA",
			"Segments": [
				0,
				1,
				0,
				5,
				1
			]
		},
		{
			"Target": "PartOpacity",
			"Id": "PartWatchB",
			"Segments": [
				0,
				0,
				0,
				5,
				0
			]
		},
		{
			"Target": "PartOpacity",
			"Id": "PartArmAL",
			"Segments": [
				0,
				1,
				0,
				5,
				1
			]
		},
		{
			"Target": "PartOpacity",
			"Id": "PartArmAR",
			"Segments": [
				0,
				0,
				0,
				5,
				0
			]
		},
		{
			"Target": "PartOpacity",
			"Id": "PartArmBR",
			"Segments": [
				0,
				0,
				0,
				5,
				0
			]
		},
		{
			"Target": "PartOpacity",
			"Id": "PartArmCL",
			"Segments": [
				0,
				0,
				0,
				5,
				0
			]
		},
		{
			"Target": "PartOpacity",
			"Id": "PartArmDL",
			"Segments": [
				0,
				0,
				0,
				5,
				0
			]
		},
		{
			"Target": "PartOpacity",
			"Id": "PartArmER",
			"Segments": [
				0,
				1,
				0,
				5,
				1
			]
		}
	]
}